<?xml version="1.0" encoding="UTF-8"?>
<?xml:stylesheet href="..\..\..\epoc32\tools\cshlpcmp\xsl\CSHproj.xsl" title="CS Help project" type="text/xsl"?>
<!DOCTYPE cshproj SYSTEM "..\..\..\epoc32\tools\cshlpcmp\dtd\CSHproj.dtd">

<cshproj>
  <helpfileUID>0x2000E190</helpfileUID>
  <directories>
    <input></input>
    <output></output>
    <working></working>
  </directories>
  <files>
    <source>
      <file>help_09.rtf</file>
    </source>
    <destination>HTTPClientExample_09.hlp</destination>
    <customization>custom.xml</customization>
  </files>
</cshproj>